Workbook

Sheet operations
A1: Amount | B1: Bank | C1: Product | D1: Category | E1: Type | F1: Date | G1: Month
A2: -1500 | B2: Santander | C2: Account | D2: Groceries | E2: =_xlfn.XLOOKUP(Table4[[#This Row],[Category]],Table3[Category],Table3[Type],"",0,1) -> Expense | F2: 45296 | G2: =MONTH(Table4[[#This Row],[Date]]) -> 1 | J2: =CHOOSE(MATCH(B2,Dicionary!$G$1:$I$1,0),Dicionary!$H$2,Dicionary!$H$3,Dicionary!$H$4,) -> Credit card
A3: 4500 | B3: Santander | C3: Account | D3: Salary | E3: =_xlfn.XLOOKUP(Table4[[#This Row],[Category]],Table3[Category],Table3[Type],"",0,1) -> Income | F3: 45301 | G3: =MONTH(Table4[[#This Row],[Date]]) -> 1 | I3: =MATCH(B3,Dicionary!$G$1:$I$1,0) -> 2 | J3: =CHOOSE(I3,Dicionary!$H$2,Dicionary!$H$3,Dicionary!$H$4,) -> Credit card
A4: -2000 | B4: Santander | C4: Account | D4: Accomodation | E4: =_xlfn.XLOOKUP(Table4[[#This Row],[Category]],Table3[Category],Table3[Type],"",0,1) -> Expense | F4: 45302 | G4: =MONTH(Table4[[#This Row],[Date]]) -> 1 | I4: =MATCH(B4,Dicionary!$G$1:$I$1,0) -> 2 | J4: =CHOOSE(I4,Dicionary!$H$2,Dicionary!$H$3,Dicionary!$H$4,) -> Credit card
A5: -45 | B5: Millennium | C5: Account | D5: Groceries | E5: =_xlfn.XLOOKUP(Table4[[#This Row],[Category]],Table3[Category],Table3[Type],"",0,1) -> Expense | F5: 45305 | G5: =MONTH(Table4[[#This Row],[Date]]) -> 1 | I5: =MATCH(B5,Dicionary!$G$1:$I$1,0) -> 1 | J5: =CHOOSE(I5,Dicionary!$H$2,Dicionary!$H$3,Dicionary!$H$4,) -> Account
A6: -150 | B6: Santander | C6: Credit card | D6: Multimedia | E6: =_xlfn.XLOOKUP(Table4[[#This Row],[Category]],Table3[Category],Table3[Type],"",0,1) -> Expense | F6: 45306 | G6: =MONTH(Table4[[#This Row],[Date]]) -> 1 | I6: =MATCH(B6,Dicionary!$G$1:$I$1,0) -> 2 | J6: =CHOOSE(I6,Dicionary!$H$2,Dicionary!$H$3,Dicionary!$H$4,) -> Credit card
A7: -120 | B7: Santander | C7: Account | D7: Groceries | E7: =_xlfn.XLOOKUP(Table4[[#This Row],[Category]],Table3[Category],Table3[Type],"",0,1) -> Expense | F7: 45307 | G7: =MONTH(Table4[[#This Row],[Date]]) -> 1 | I7: =MATCH(B7,Dicionary!$G$1:$I$1,0) -> 2 | J7: =CHOOSE(I7,Dicionary!$H$2,Dicionary!$H$3,Dicionary!$H$4,) -> Credit card
A8: 500 | B8: Santander | C8: Account | D8: Other incoms | E8: =_xlfn.XLOOKUP(Table4[[#This Row],[Category]],Table3[Category],Table3[Type],"",0,1) -> Income | F8: 45308 | G8: =MONTH(Table4[[#This Row],[Date]]) -> 1 | I8: =MATCH(B8,Dicionary!$G$1:$I$1,0) -> 2 | J8: =CHOOSE(I8,Dicionary!$H$2,Dicionary!$H$3,Dicionary!$H$4,) -> Credit card
A9: -500 | B9: Santander | C9: Fixed-term deposit | D9: Other expences | E9: =_xlfn.XLOOKUP(Table4[[#This Row],[Category]],Table3[Category],Table3[Type],"",0,1) -> Expense | F9: 45308 | G9: =MONTH(Table4[[#This Row],[Date]]) -> 1 | I9: =MATCH(B9,Dicionary!$G$1:$I$1,0) -> 2 | J9: =CHOOSE(I9,Dicionary!$H$2,Dicionary!$H$3,Dicionary!$H$4,) -> Credit card
A10: 250 | B10: Millennium | C10: Savings account | D10: Allowance | E10: =_xlfn.XLOOKUP(Table4[[#This Row],[Category]],Table3[Category],Table3[Type],"",0,1) -> Income | F10: 45308 | G10: =MONTH(Table4[[#This Row],[Date]]) -> 1 | I10: =MATCH(B10,Dicionary!$G$1:$I$1,0) -> 1 | J10: =CHOOSE(I10,Dicionary!$H$2,Dicionary!$H$3,Dicionary!$H$4,) -> Account
A11: -25 | B11: Santander | C11: Credit card | D11: Entertainment | E11: =_xlfn.XLOOKUP(Table4[[#This Row],[Category]],Table3[Category],Table3[Type],"",0,1) -> Expense | F11: 45310 | G11: =MONTH(Table4[[#This Row],[Date]]) -> 1 | I11: =MATCH(B11,Dicionary!$G$1:$I$1,0) -> 2 | J11: =CHOOSE(I11,Dicionary!$H$2,Dicionary!$H$3,Dicionary!$H$4,) -> Credit card
A12: -80 | B12: Santander | C12: Account | D12: Transportation | E12: =_xlfn.XLOOKUP(Table4[[#This Row],[Category]],Table3[Category],Table3[Type],"",0,1) -> Expense | F12: 45311 | G12: =MONTH(Table4[[#This Row],[Date]]) -> 1 | I12: =MATCH(B12,Dicionary!$G$1:$I$1,0) -> 2 | J12: =CHOOSE(I12,Dicionary!$H$2,Dicionary!$H$3,Dicionary!$H$4,) -> Credit card
A13: 150 | B13: Millennium | C13: Account | D13: Other incoms | E13: =_xlfn.XLOOKUP(Table4[[#This Row],[Category]],Table3[Category],Table3[Type],"",0,1) -> Income | F13: 45312 | G13: =MONTH(Table4[[#This Row],[Date]]) -> 1 | I13: =MATCH(B13,Dicionary!$G$1:$I$1,0) -> 1 | J13: =CHOOSE(I13,Dicionary!$H$2,Dicionary!$H$3,Dicionary!$H$4,) -> Account
A14: -80 | B14: Millennium | C14: Account | D14: Clothing | E14: =_xlfn.XLOOKUP(Table4[[#This Row],[Category]],Table3[Category],Table3[Type],"",0,1) -> Expense | F14: 45313 | G14: =MONTH(Table4[[#This Row],[Date]]) -> 1 | I14: =MATCH(B14,Dicionary!$G$1:$I$1,0) -> 1 | J14: =CHOOSE(I14,Dicionary!$H$2,Dicionary!$H$3,Dicionary!$H$4,) -> Account
... A26: -2000 | B26: Santander | C26: Account | D26: Accomodation | E26: =_xlfn.XLOOKUP(Table4[[#This Row],[Category]],Table3[Category],Table3[Type],"",0,1) -> Expense | F26: 45333 | G26: =MONTH(Table4[[#This Row],[Date]]) -> 2 | I26: =MATCH(B26,Dicionary!$G$1:$I$1,0) -> 2 | J26: =CHOOSE(I26,Dicionary!$H$2,Dicionary!$H$3,Dicionary!$H$4,) -> Credit card
A27: -150 | B27: Santander | C27: Account | D27: Entertainment | E27: =_xlfn.XLOOKUP(Table4[[#This Row],[Category]],Table3[Category],Table3[Type],"",0,1) -> Expense | F27: 45335 | G27: =MONTH(Table4[[#This Row],[Date]]) -> 2
A28: 500 | B28: Santander | C28: Account | D28: Other incoms | E28: =_xlfn.XLOOKUP(Table4[[#This Row],[Category]],Table3[Category],Table3[Type],"",0,1) -> Income | F28: 45336 | G28: =MONTH(Table4[[#This Row],[Date]]) -> 2
A29: -300 | B29: Santander | C29: Account | D29: Groceries | E29: =_xlfn.XLOOKUP(Table4[[#This Row],[Category]],Table3[Category],Table3[Type],"",0,1) -> Expense | F29: 45336 | G29: =MONTH(Table4[[#This Row],[Date]]) -> 2
A30: -500 | B30: Santander | C30: Fixed-term deposit | D30: Other expences | E30: =_xlfn.XLOOKUP(Table4[[#This Row],[Category]],Table3[Category],Table3[Type],"",0,1) -> Expense | F30: 45336 | G30: =MONTH(Table4[[#This Row],[Date]]) -> 2
A31: -200 | B31: Wallet | C31: Money | D31: Other expences | E31: =_xlfn.XLOOKUP(Table4[[#This Row],[Category]],Table3[Category],Table3[Type],"",0,1) -> Expense | F31: 45336 | G31: =MONTH(Table4[[#This Row],[Date]]) -> 2
A32: 175 | B32: Santander | C32: Credit card | D32: Transfer | E32: =_xlfn.XLOOKUP(Table4[[#This Row],[Category]],Table3[Category],Table3[Type],"",0,1) -> Transfert | F32: 45337 | G32: =MONTH(Table4[[#This Row],[Date]]) -> 2
A33: -175 | B33: Santander | C33: Account | D33: Transfer | E33: =_xlfn.XLOOKUP(Table4[[#This Row],[Category]],Table3[Category],Table3[Type],"",0,1) -> Transfert | F33: 45337 | G33: =MONTH(Table4[[#This Row],[Date]]) -> 2
A34: -100 | B34: Santander | C34: Account | D34: Studies | E34: =_xlfn.XLOOKUP(Table4[[#This Row],[Category]],Table3[Category],Table3[Type],"",0,1) -> Expense | F34: 45339 | G34: =MONTH(Table4[[#This Row],[Date]]) -> 2
A35: -80 | B35: Santander | C35: Account | D35: Transportation | E35: =_xlfn.XLOOKUP(Table4[[#This Row],[Category]],Table3[Category],Table3[Type],"",0,1) -> Expense | F35: 45342 | G35: =MONTH(Table4[[#This Row],[Date]]) -> 2
A36: 150 | B36: Wallet | C36: Money | D36: Other incoms | E36: =_xlfn.XLOOKUP(Table4[[#This Row],[Category]],Table3[Category],Table3[Type],"",0,1) -> Income | F36: 45344 | G36: =MONTH(Table4[[#This Row],[Date]]) -> 2
A37: 100 | B37: Wallet | C37: Gift card | D37: Other incoms | E37: =_xlfn.XLOOKUP(Table4[[#This Row],[Category]],Table3[Category],Table3[Type],"",0,1) -> Income | F37: 45345 | G37: =MONTH(Table4[[#This Row],[Date]]) -> 2
A38: -200 | B38: Wallet | C38: Money | D38: Entertainment | E38: =_xlfn.XLOOKUP(Table4[[#This Row],[Category]],Table3[Category],Table3[Type],"",0,1) -> Expense | F38: 45346 | G38: =MONTH(Table4[[#This Row],[Date]]) -> 2
... A207: -300 | B207: Wallet | C207: Money | D207: Groceries | E207: =_xlfn.XLOOKUP(Table4[[#This Row],[Category]],Table3[Category],Table3[Type],"",0,1) -> Expense | F207: 45656 | G207: =MONTH(Table4[[#This Row],[Date]]) -> 12

Sheet Dicionary
A1: Category | B1: Type | D1: Bank | E1: Product | G1: Millennium | H1: Santander | I1: Wallet
A2: Accomodation | B2: Expense | D2: Millennium | E2: Account | G2: Account | H2: Account | I2: Gift card
A3: Clothing | B3: Expense | D3: Millennium | E3: Savings account | G3: Savings account | H3: Credit card | I3: Money
A4: Entertainment | B4: Expense | D4: Santander | E4: Account | H4: Fixed-term deposit
A5: Groceries | B5: Expense | D5: Santander | E5: Credit card
A6: Health&Beauty | B6: Expense | D6: Santander | E6: Fixed-term deposit
A7: Multimedia | B7: Expense | D7: Wallet | E7: Gift card
A8: Other expences | B8: Expense | D8: Wallet | E8: Money
A9: Studies | B9: Expense
A10: Transportation | B10: Expense
A11: Allowance | B11: Income
A12: Financial | B12: Income
A13: Gift | B13: Income
A14: Other incoms | B14: Income
A15: Salary | B15: Income
A16: Scholarship | B16: Income
A17: Transfer | B17: Transfert
